{
    "objectName": "Basketball",
    "opacity": 1.0,
    "sessionOriginPos": {
        "x": 0.0,
        "y": 0.0,
        "z": 0.0
    },
    "cameraPos": {
        "x": 0.5772465467453003,
        "y": -0.07311217486858368,
        "z": 0.3853960335254669
    },
    "cameraRot": {
        "x": -0.3420756757259369,
        "y": 0.29422691464424136,
        "z": -0.12993131577968598,
        "w": -0.8829114437103272
    },
    "objectPos": {
        "x": 0.33952057361602785,
        "y": -0.5172776579856873,
        "z": 0.8090863227844238
    },
    "objectRot": {
        "x": -0.02675805054605007,
        "y": -0.03722575306892395,
        "z": 0.017764586955308915,
        "w": 0.9987906217575073
    },
    "resolution": "handle <-5476376614557086976> 640x480 at 30 Hz no depth sensor",
    "virtualLightDirection": {
        "x": -0.21318365633487702,
        "y": 0.7855237126350403,
        "z": -0.3845937252044678,
        "w": -0.4354228079319
    },
    "realLightDirection": {
        "x": 0.341694712638855,
        "y": 0.11409635096788407,
        "z": -0.04183414950966835,
        "w": 0.9319209456443787
    },
    "shadowIntensity": 1.0,
    "brightness": 5.250820159912109
}